Workbook
Name brand: Dashboard!$B$6
Name cpu: Dashboard!$F$6
Name gpu: Dashboard!$J$6

Sheet Dashboard
B4: 1st Step | F4: 2nd Step | J4: 3rd Step
B5: BRAND | F5: CPU | J5: GPU
B6: MSI | F6: Intel Core i5 7300HQ | J6: Intel GeForce GTX 1050
B12: PRICE (USD $)
B13: ='Data Validation'!L3 -> 997.9

Sheet laptop_prices_table
A1: Company | B1: Product | C1: TypeName | D1: Inches | E1: Ram | F1: OS | G1: Weight | H1: Price_euros | I1: Screen | J1: ScreenW | K1: ScreenH | L1: Touchscreen | M1: IPSpanel | N1: RetinaDisplay | O1: CPU_company | P1: CPU_freq | Q1: CPU_model | R1: CPU_Combined | S1: PrimaryStorage | T1: SecondaryStorage | U1: Total_Storage | V1: PrimaryStorageType | W1: SecondaryStorageType | X1: Storage_Type_Combined | Y1: GPU_model | Z1: GPU_Combined
A2: Apple | B2: MacBook Pro | C2: Ultrabook | D2: 13.3 | E2: 8 | F2: macOS | G2: 1.37 | H2: 1339.69 | I2: Standard | J2: 2560 | K2: 1600 | L2: No | M2: Yes | N2: Yes | O2: Intel | P2: 2.3 | Q2: Core i5 | R2: =_xlfn.CONCAT(laptop[[#This Row],[CPU_company]]," ",laptop[[#This Row],[CPU_model]]) -> Intel Core i5 | S2: 128 | T2: 0 | U2: =laptop[[#This Row],[PrimaryStorage]]+laptop[[#This Row],[SecondaryStorage]] -> 128 | V2: SSD | W2: No | X2: =IF(laptop[[#This Row],[PrimaryStorageType]]=laptop[[#This Row],[SecondaryStorageType]],laptop[[#This Row],[PrimaryStorageType]],"SSD & HDD") -> SSD & HDD | Y2: Iris Plus Graphics 640 | Z2: =_xlfn.CONCAT(laptop[[#This Row],[CPU_company]]," ",laptop[[#This Row],[GPU_model]]) -> Intel Iris Plus Graphics 640
A3: Apple | B3: Macbook Air | C3: Ultrabook | D3: 13.3 | E3: 8 | F3: macOS | G3: 1.34 | H3: 898.94 | I3: Standard | J3: 1440 | K3: 900 | L3: No | M3: No | N3: No | O3: Intel | P3: 1.8 | Q3: Core i5 | R3: =_xlfn.CONCAT(laptop[[#This Row],[CPU_company]]," ",laptop[[#This Row],[CPU_model]]) -> Intel Core i5 | S3: 128 | T3: 0 | U3: =laptop[[#This Row],[PrimaryStorage]]+laptop[[#This Row],[SecondaryStorage]] -> 128 | V3: Flash Storage | W3: No | X3: =IF(laptop[[#This Row],[PrimaryStorageType]]=laptop[[#This Row],[SecondaryStorageType]],laptop[[#This Row],[PrimaryStorageType]],"SSD & HDD") -> SSD & HDD | Y3: HD Graphics 6000 | Z3: =_xlfn.CONCAT(laptop[[#This Row],[CPU_company]]," ",laptop[[#This Row],[GPU_model]]) -> Intel HD Graphics 6000
A4: HP | B4: 250 G6 | C4: Notebook | D4: 15.6 | E4: 8 | F4: No OS | G4: 1.86 | H4: 575 | I4: Full HD | J4: 1920 | K4: 1080 | L4: No | M4: No | N4: No | O4: Intel | P4: 2.5 | Q4: Core i5 7200U | R4: =_xlfn.CONCAT(laptop[[#This Row],[CPU_company]]," ",laptop[[#This Row],[CPU_model]]) -> Intel Core i5 7200U | S4: 256 | T4: 0 | U4: =laptop[[#This Row],[PrimaryStorage]]+laptop[[#This Row],[SecondaryStorage]] -> 256 | V4: SSD | W4: No | X4: =IF(laptop[[#This Row],[PrimaryStorageType]]=laptop[[#This Row],[SecondaryStorageType]],laptop[[#This Row],[PrimaryStorageType]],"SSD & HDD") -> SSD & HDD | Y4: HD Graphics 620 | Z4: =_xlfn.CONCAT(laptop[[#This Row],[CPU_company]]," ",laptop[[#This Row],[GPU_model]]) -> Intel HD Graphics 620
A5: Apple | B5: MacBook Pro | C5: Ultrabook | D5: 15.4 | E5: 16 | F5: macOS | G5: 1.83 | H5: 2537.45 | I5: Standard | J5: 2880 | K5: 1800 | L5: No | M5: Yes | N5: Yes | O5: Intel | P5: 2.7 | Q5: Core i7 | R5: =_xlfn.CONCAT(laptop[[#This Row],[CPU_company]]," ",laptop[[#This Row],[CPU_model]]) -> Intel Core i7 | S5: 512 | T5: 0 | U5: =laptop[[#This Row],[PrimaryStorage]]+laptop[[#This Row],[SecondaryStorage]] -> 512 | V5: SSD | W5: No | X5: =IF(laptop[[#This Row],[PrimaryStorageType]]=laptop[[#This Row],[SecondaryStorageType]],laptop[[#This Row],[PrimaryStorageType]],"SSD & HDD") -> SSD & HDD | Y5: Radeon Pro 455 | Z5: =_xlfn.CONCAT(laptop[[#This Row],[CPU_company]]," ",laptop[[#This Row],[GPU_model]]) -> Intel Radeon Pro 455
A6: Apple | B6: MacBook Pro | C6: Ultrabook | D6: 13.3 | E6: 8 | F6: macOS | G6: 1.37 | H6: 1803.6 | I6: Standard | J6: 2560 | K6: 1600 | L6: No | M6: Yes | N6: Yes | O6: Intel | P6: 3.1 | Q6: Core i5 | R6: =_xlfn.CONCAT(laptop[[#This Row],[CPU_company]]," ",laptop[[#This Row],[CPU_model]]) -> Intel Core i5 | S6: 256 | T6: 0 | U6: =laptop[[#This Row],[PrimaryStorage]]+laptop[[#This Row],[SecondaryStorage]] -> 256 | V6: SSD | W6: No | X6: =IF(laptop[[#This Row],[PrimaryStorageType]]=laptop[[#This Row],[SecondaryStorageType]],laptop[[#This Row],[PrimaryStorageType]],"SSD & HDD") -> SSD & HDD | Y6: Iris Plus Graphics 650 | Z6: =_xlfn.CONCAT(laptop[[#This Row],[CPU_company]]," ",laptop[[#This Row],[GPU_model]]) -> Intel Iris Plus Graphics 650
A7: Acer | B7: Aspire 3 | C7: Notebook | D7: 15.6 | E7: 4 | F7: Windows 10 | G7: 2.1 | H7: 400 | I7: Standard | J7: 1366 | K7: 768 | L7: No | M7: No | N7: No | O7: AMD | P7: 3 | Q7: A9-Series 9420 | R7: =_xlfn.CONCAT(laptop[[#This Row],[CPU_company]]," ",laptop[[#This Row],[CPU_model]]) -> AMD A9-Series 9420 | S7: 500 | T7: 0 | U7: =laptop[[#This Row],[PrimaryStorage]]+laptop[[#This Row],[SecondaryStorage]] -> 500 | V7: HDD | W7: No | X7: =IF(laptop[[#This Row],[PrimaryStorageType]]=laptop[[#This Row],[SecondaryStorageType]],laptop[[#This Row],[PrimaryStorageType]],"SSD & HDD") -> SSD & HDD | Y7: Radeon R5 | Z7: =_xlfn.CONCAT(laptop[[#This Row],[CPU_company]]," ",laptop[[#This Row],[GPU_model]]) -> AMD Radeon R5
A8: Apple | B8: MacBook Pro | C8: Ultrabook | D8: 15.4 | E8: 16 | F8: Mac OS X | G8: 2.04 | H8: 2139.97 | I8: Standard | J8: 2880 | K8: 1800 | L8: No | M8: Yes | N8: Yes | O8: Intel | P8: 2.2 | Q8: Core i7 | R8: =_xlfn.CONCAT(laptop[[#This Row],[CPU_company]]," ",laptop[[#This Row],[CPU_model]]) -> Intel Core i7 | S8: 256 | T8: 0 | U8: =laptop[[#This Row],[PrimaryStorage]]+laptop[[#This Row],[SecondaryStorage]] -> 256 | V8: Flash Storage | W8: No | X8: =IF(laptop[[#This Row],[PrimaryStorageType]]=laptop[[#This Row],[SecondaryStorageType]],laptop[[#This Row],[PrimaryStorageType]],"SSD & HDD") -> SSD & HDD | Y8: Iris Pro Graphics | Z8: =_xlfn.CONCAT(laptop[[#This Row],[CPU_company]]," ",laptop[[#This Row],[GPU_model]]) -> Intel Iris Pro Graphics
A9: Apple | B9: Macbook Air | C9: Ultrabook | D9: 13.3 | E9: 8 | F9: macOS | G9: 1.34 | H9: 1158.7 | I9: Standard | J9: 1440 | K9: 900 | L9: No | M9: No | N9: No | O9: Intel | P9: 1.8 | Q9: Core i5 | R9: =_xlfn.CONCAT(laptop[[#This Row],[CPU_company]]," ",laptop[[#This Row],[CPU_model]]) -> Intel Core i5 | S9: 256 | T9: 0 | U9: =laptop[[#This Row],[PrimaryStorage]]+laptop[[#This Row],[SecondaryStorage]] -> 256 | V9: Flash Storage | W9: No | X9: =IF(laptop[[#This Row],[PrimaryStorageType]]=laptop[[#This Row],[SecondaryStorageType]],laptop[[#This Row],[PrimaryStorageType]],"SSD & HDD") -> SSD & HDD | Y9: HD Graphics 6000 | Z9: =_xlfn.CONCAT(laptop[[#This Row],[CPU_company]]," ",laptop[[#This Row],[GPU_model]]) -> Intel HD Graphics 6000
A10: Asus | B10: ZenBook UX430UN | C10: Ultrabook | D10: 14 | E10: 16 | F10: Windows 10 | G10: 1.3 | H10: 1495 | I10: Full HD | J10: 1920 | K10: 1080 | L10: No | M10: No | N10: No | O10: Intel | P10: 1.8 | Q10: Core i7 8550U | R10: =_xlfn.CONCAT(laptop[[#This Row],[CPU_company]]," ",laptop[[#This Row],[CPU_model]]) -> Intel Core i7 8550U | S10: 512 | T10: 0 | U10: =laptop[[#This Row],[PrimaryStorage]]+laptop[[#This Row],[SecondaryStorage]] -> 512 | V10: SSD | W10: No | X10: =IF(laptop[[#This Row],[PrimaryStorageType]]=laptop[[#This Row],[SecondaryStorageType]],laptop[[#This Row],[PrimaryStorageType]],"SSD & HDD") -> SSD & HDD | Y10: GeForce MX150 | Z10: =_xlfn.CONCAT(laptop[[#This Row],[CPU_company]]," ",laptop[[#This Row],[GPU_model]]) -> Intel GeForce MX150
A11: Acer | B11: Swift 3 | C11: Ultrabook | D11: 14 | E11: 8 | F11: Windows 10 | G11: 1.6 | H11: 770 | I11: Full HD | J11: 1920 | K11: 1080 | L11: No | M11: Yes | N11: No | O11: Intel | P11: 1.6 | Q11: Core i5 8250U | R11: =_xlfn.CONCAT(laptop[[#This Row],[CPU_company]]," ",laptop[[#This Row],[CPU_model]]) -> Intel Core i5 8250U | S11: 256 | T11: 0 | U11: =laptop[[#This Row],[PrimaryStorage]]+laptop[[#This Row],[SecondaryStorage]] -> 256 | V11: SSD | W11: No | X11: =IF(laptop[[#This Row],[PrimaryStorageType]]=laptop[[#This Row],[SecondaryStorageType]],laptop[[#This Row],[PrimaryStorageType]],"SSD & HDD") -> SSD & HDD | Y11: UHD Graphics 620 | Z11: =_xlfn.CONCAT(laptop[[#This Row],[CPU_company]]," ",laptop[[#This Row],[GPU_model]]) -> Intel UHD Graphics 620
A12: HP | B12: 250 G6 | C12: Notebook | D12: 15.6 | E12: 4 | F12: No OS | G12: 1.86 | H12: 393.9 | I12: Standard | J12: 1366 | K12: 768 | L12: No | M12: No | N12: No | O12: Intel | P12: 2.5 | Q12: Core i5 7200U | R12: =_xlfn.CONCAT(laptop[[#This Row],[CPU_company]]," ",laptop[[#This Row],[CPU_model]]) -> Intel Core i5 7200U | S12: 500 | T12: 0 | U12: =laptop[[#This Row],[PrimaryStorage]]+laptop[[#This Row],[SecondaryStorage]] -> 500 | V12: HDD | W12: No | X12: =IF(laptop[[#This Row],[PrimaryStorageType]]=laptop[[#This Row],[SecondaryStorageType]],laptop[[#This Row],[PrimaryStorageType]],"SSD & HDD") -> SSD & HDD | Y12: HD Graphics 620 | Z12: =_xlfn.CONCAT(laptop[[#This Row],[CPU_company]]," ",laptop[[#This Row],[GPU_model]]) -> Intel HD Graphics 620
A13: HP | B13: 250 G6 | C13: Notebook | D13: 15.6 | E13: 4 | F13: No OS | G13: 1.86 | H13: 344.99 | I13: Full HD | J13: 1920 | K13: 1080 | L13: No | M13: No | N13: No | O13: Intel | P13: 2 | Q13: Core i3 6006U | R13: =_xlfn.CONCAT(laptop[[#This Row],[CPU_company]]," ",laptop[[#This Row],[CPU_model]]) -> Intel Core i3 6006U | S13: 500 | T13: 0 | U13: =laptop[[#This Row],[PrimaryStorage]]+laptop[[#This Row],[SecondaryStorage]] -> 500 | V13: HDD | W13: No | X13: =IF(laptop[[#This Row],[PrimaryStorageType]]=laptop[[#This Row],[SecondaryStorageType]],laptop[[#This Row],[PrimaryStorageType]],"SSD & HDD") -> SSD & HDD | Y13: HD Graphics 520 | Z13: =_xlfn.CONCAT(laptop[[#This Row],[CPU_company]]," ",laptop[[#This Row],[GPU_model]]) -> Intel HD Graphics 520
... A1276: Asus | B1276: X553SA-XX031T (N3050/4GB/500GB/W10) | C1276: Notebook | D1276: 15.6 | E1276: 4 | F1276: Windows 10 | G1276: 2.2 | H1276: 369 | I1276: Standard | J1276: 1366 | K1276: 768 | L1276: No | M1276: No | N1276: No | O1276: Intel | P1276: 1.6 | Q1276: Celeron Dual Core N3050 | R1276: =_xlfn.CONCAT(laptop[[#This Row],[CPU_company]]," ",laptop[[#This Row],[CPU_model]]) -> Intel Celeron Dual Core N3050 | S1276: 500 | T1276: 0 | U1276: =laptop[[#This Row],[PrimaryStorage]]+laptop[[#This Row],[SecondaryStorage]] -> 500 | V1276: HDD | W1276: No | X1276: =IF(laptop[[#This Row],[PrimaryStorageType]]=laptop[[#This Row],[SecondaryStorageType]],laptop[[#This Row],[PrimaryStorageType]],"SSD & HDD") -> SSD & HDD | Y1276: HD Graphics | Z1276: =_xlfn.CONCAT(laptop[[#This Row],[CPU_company]]," ",laptop[[#This Row],[GPU_model]]) -> Intel HD Graphics

Sheet Data Validation
A1: {=_xlfn.UNIQUE(Filtering!A2:A1257)} -> Acer | C1: CPU (Filter) | D1: GPU | F1: GPU (Filter) | G1: =cpu -> Intel Core i5 7300HQ | J1: PRICE (FILTER)
A2: Apple | C2: =IF(Filtering!F2>0,Filtering!B2,"N/A") -> N/A | D2: =IF('Data Validation'!C2=Filtering!B2,Filtering!C2,"N/A") -> N/A | F2: {=_xlfn._xlws.FILTER($D$1:$D$1257,$C$1:$C$1257=$G$1,"N/A")} -> Intel GeForce GTX 1050 | J2: =IF(_xlfn.CONCAT(Filtering!A2,Filtering!B2,Filtering!C2)=$M$2,Filtering!D2,"N/A") -> N/A | L2: {=_xlfn.UNIQUE(J2:J1257)} -> N/A | M2: =_xlfn.CONCAT(brand,cpu,gpu) -> MSIIntel Core i5 7300HQIntel GeForce GTX 1050
A3: Asus | C3: =IF(Filtering!F3>0,Filtering!B3,"N/A") -> N/A | D3: =IF('Data Validation'!C3=Filtering!B3,Filtering!C3,"N/A") -> N/A | F3: Intel GeForce GTX 1050 | J3: =IF(_xlfn.CONCAT(Filtering!A3,Filtering!B3,Filtering!C3)=$M$2,Filtering!D3,"N/A") -> N/A | L3: 997.9
A4: Chuwi | C4: =IF(Filtering!F4>0,Filtering!B4,"N/A") -> N/A | D4: =IF('Data Validation'!C4=Filtering!B4,Filtering!C4,"N/A") -> N/A | F4: Intel GeForce GTX 1050 | J4: =IF(_xlfn.CONCAT(Filtering!A4,Filtering!B4,Filtering!C4)=$M$2,Filtering!D4,"N/A") -> N/A | L4: 1027.74
A5: Dell | C5: =IF(Filtering!F5>0,Filtering!B5,"N/A") -> N/A | D5: =IF('Data Validation'!C5=Filtering!B5,Filtering!C5,"N/A") -> N/A | F5: Intel GeForce GTX 1050 | J5: =IF(_xlfn.CONCAT(Filtering!A5,Filtering!B5,Filtering!C5)=$M$2,Filtering!D5,"N/A") -> N/A | L5: 1089
A6: Fujitsu | C6: =IF(Filtering!F6>0,Filtering!B6,"N/A") -> N/A | D6: =IF('Data Validation'!C6=Filtering!B6,Filtering!C6,"N/A") -> N/A | F6: Intel GeForce GTX 1050 | J6: =IF(_xlfn.CONCAT(Filtering!A6,Filtering!B6,Filtering!C6)=$M$2,Filtering!D6,"N/A") -> N/A | L6: 1095
A7: Google | C7: =IF(Filtering!F7>0,Filtering!B7,"N/A") -> N/A | D7: =IF('Data Validation'!C7=Filtering!B7,Filtering!C7,"N/A") -> N/A | F7: Intel GeForce GTX 1050 | J7: =IF(_xlfn.CONCAT(Filtering!A7,Filtering!B7,Filtering!C7)=$M$2,Filtering!D7,"N/A") -> N/A | L7: 1119.91
A8: HP | C8: =IF(Filtering!F8>0,Filtering!B8,"N/A") -> N/A | D8: =IF('Data Validation'!C8=Filtering!B8,Filtering!C8,"N/A") -> N/A | J8: =IF(_xlfn.CONCAT(Filtering!A8,Filtering!B8,Filtering!C8)=$M$2,Filtering!D8,"N/A") -> N/A | L8: 1199
A9: Huawei | C9: =IF(Filtering!F9>0,Filtering!B9,"N/A") -> N/A | D9: =IF('Data Validation'!C9=Filtering!B9,Filtering!C9,"N/A") -> N/A | J9: =IF(_xlfn.CONCAT(Filtering!A9,Filtering!B9,Filtering!C9)=$M$2,Filtering!D9,"N/A") -> N/A
A10: Lenovo | C10: =IF(Filtering!F10>0,Filtering!B10,"N/A") -> N/A | D10: =IF('Data Validation'!C10=Filtering!B10,Filtering!C10,"N/A") -> N/A | J10: =IF(_xlfn.CONCAT(Filtering!A10,Filtering!B10,Filtering!C10)=$M$2,Filtering!D10,"N/A") -> N/A
A11: LG | C11: =IF(Filtering!F11>0,Filtering!B11,"N/A") -> N/A | D11: =IF('Data Validation'!C11=Filtering!B11,Filtering!C11,"N/A") -> N/A | J11: =IF(_xlfn.CONCAT(Filtering!A11,Filtering!B11,Filtering!C11)=$M$2,Filtering!D11,"N/A") -> N/A
A12: Mediacom | C12: =IF(Filtering!F12>0,Filtering!B12,"N/A") -> N/A | D12: =IF('Data Validation'!C12=Filtering!B12,Filtering!C12,"N/A") -> N/A | J12: =IF(_xlfn.CONCAT(Filtering!A12,Filtering!B12,Filtering!C12)=$M$2,Filtering!D12,"N/A") -> N/A
A13: Microsoft | C13: =IF(Filtering!F13>0,Filtering!B13,"N/A") -> N/A | D13: =IF('Data Validation'!C13=Filtering!B13,Filtering!C13,"N/A") -> N/A | J13: =IF(_xlfn.CONCAT(Filtering!A13,Filtering!B13,Filtering!C13)=$M$2,Filtering!D13,"N/A") -> N/A
A14: MSI | C14: =IF(Filtering!F14>0,Filtering!B14,"N/A") -> N/A | D14: =IF('Data Validation'!C14=Filtering!B14,Filtering!C14,"N/A") -> N/A | J14: =IF(_xlfn.CONCAT(Filtering!A14,Filtering!B14,Filtering!C14)=$M$2,Filtering!D14,"N/A") -> N/A
A15: Razer | C15: =IF(Filtering!F15>0,Filtering!B15,"N/A") -> N/A | D15: =IF('Data Validation'!C15=Filtering!B15,Filtering!C15,"N/A") -> N/A | J15: =IF(_xlfn.CONCAT(Filtering!A15,Filtering!B15,Filtering!C15)=$M$2,Filtering!D15,"N/A") -> N/A
A16: Samsung | C16: =IF(Filtering!F16>0,Filtering!B16,"N/A") -> N/A | D16: =IF('Data Validation'!C16=Filtering!B16,Filtering!C16,"N/A") -> N/A | J16: =IF(_xlfn.CONCAT(Filtering!A16,Filtering!B16,Filtering!C16)=$M$2,Filtering!D16,"N/A") -> N/A
A17: Toshiba | C17: =IF(Filtering!F17>0,Filtering!B17,"N/A") -> N/A | D17: =IF('Data Validation'!C17=Filtering!B17,Filtering!C17,"N/A") -> N/A | J17: =IF(_xlfn.CONCAT(Filtering!A17,Filtering!B17,Filtering!C17)=$M$2,Filtering!D17,"N/A") -> N/A
A18: Vero | C18: =IF(Filtering!F18>0,Filtering!B18,"N/A") -> N/A | D18: =IF('Data Validation'!C18=Filtering!B18,Filtering!C18,"N/A") -> N/A | J18: =IF(_xlfn.CONCAT(Filtering!A18,Filtering!B18,Filtering!C18)=$M$2,Filtering!D18,"N/A") -> N/A
A19: Xiaomi | C19: =IF(Filtering!F19>0,Filtering!B19,"N/A") -> N/A | D19: =IF('Data Validation'!C19=Filtering!B19,Filtering!C19,"N/A") -> N/A | J19: =IF(_xlfn.CONCAT(Filtering!A19,Filtering!B19,Filtering!C19)=$M$2,Filtering!D19,"N/A") -> N/A
C20: =IF(Filtering!F20>0,Filtering!B20,"N/A") -> N/A | D20: =IF('Data Validation'!C20=Filtering!B20,Filtering!C20,"N/A") -> N/A | J20: =IF(_xlfn.CONCAT(Filtering!A20,Filtering!B20,Filtering!C20)=$M$2,Filtering!D20,"N/A") -> N/A
C21: =IF(Filtering!F21>0,Filtering!B21,"N/A") -> N/A | D21: =IF('Data Validation'!C21=Filtering!B21,Filtering!C21,"N/A") -> N/A | J21: =IF(_xlfn.CONCAT(Filtering!A21,Filtering!B21,Filtering!C21)=$M$2,Filtering!D21,"N/A") -> N/A
C22: =IF(Filtering!F22>0,Filtering!B22,"N/A") -> N/A | D22: =IF('Data Validation'!C22=Filtering!B22,Filtering!C22,"N/A") -> N/A | J22: =IF(_xlfn.CONCAT(Filtering!A22,Filtering!B22,Filtering!C22)=$M$2,Filtering!D22,"N/A") -> N/A
C23: =IF(Filtering!F23>0,Filtering!B23,"N/A") -> N/A | D23: =IF('Data Validation'!C23=Filtering!B23,Filtering!C23,"N/A") -> N/A | J23: =IF(_xlfn.CONCAT(Filtering!A23,Filtering!B23,Filtering!C23)=$M$2,Filtering!D23,"N/A") -> N/A
C24: =IF(Filtering!F24>0,Filtering!B24,"N/A") -> N/A | D24: =IF('Data Validation'!C24=Filtering!B24,Filtering!C24,"N/A") -> N/A | J24: =IF(_xlfn.CONCAT(Filtering!A24,Filtering!B24,Filtering!C24)=$M$2,Filtering!D24,"N/A") -> N/A
C25: =IF(Filtering!F25>0,Filtering!B25,"N/A") -> N/A | D25: =IF('Data Validation'!C25=Filtering!B25,Filtering!C25,"N/A") -> N/A | J25: =IF(_xlfn.CONCAT(Filtering!A25,Filtering!B25,Filtering!C25)=$M$2,Filtering!D25,"N/A") -> N/A
C26: =IF(Filtering!F26>0,Filtering!B26,"N/A") -> N/A | D26: =IF('Data Validation'!C26=Filtering!B26,Filtering!C26,"N/A") -> N/A | J26: =IF(_xlfn.CONCAT(Filtering!A26,Filtering!B26,Filtering!C26)=$M$2,Filtering!D26,"N/A") -> N/A
C27: =IF(Filtering!F27>0,Filtering!B27,"N/A") -> N/A | D27: =IF('Data Validation'!C27=Filtering!B27,Filtering!C27,"N/A") -> N/A | J27: =IF(_xlfn.CONCAT(Filtering!A27,Filtering!B27,Filtering!C27)=$M$2,Filtering!D27,"N/A") -> N/A
C28: =IF(Filtering!F28>0,Filtering!B28,"N/A") -> N/A | D28: =IF('Data Validation'!C28=Filtering!B28,Filtering!C28,"N/A") -> N/A | J28: =IF(_xlfn.CONCAT(Filtering!A28,Filtering!B28,Filtering!C28)=$M$2,Filtering!D28,"N/A") -> N/A
C29: =IF(Filtering!F29>0,Filtering!B29,"N/A") -> N/A | D29: =IF('Data Validation'!C29=Filtering!B29,Filtering!C29,"N/A") -> N/A | J29: =IF(_xlfn.CONCAT(Filtering!A29,Filtering!B29,Filtering!C29)=$M$2,Filtering!D29,"N/A") -> N/A
C30: =IF(Filtering!F30>0,Filtering!B30,"N/A") -> N/A | D30: =IF('Data Validation'!C30=Filtering!B30,Filtering!C30,"N/A") -> N/A | J30: =IF(_xlfn.CONCAT(Filtering!A30,Filtering!B30,Filtering!C30)=$M$2,Filtering!D30,"N/A") -> N/A
C31: =IF(Filtering!F31>0,Filtering!B31,"N/A") -> N/A | D31: =IF('Data Validation'!C31=Filtering!B31,Filtering!C31,"N/A") -> N/A | J31: =IF(_xlfn.CONCAT(Filtering!A31,Filtering!B31,Filtering!C31)=$M$2,Filtering!D31,"N/A") -> N/A
... C1257: =IF(Filtering!F1257>0,Filtering!B1257,"N/A") -> N/A | D1257: =IF('Data Validation'!C1257=Filtering!B1257,Filtering!C1257,"N/A") -> N/A | J1257: =IF(_xlfn.CONCAT(Filtering!A1257,Filtering!B1257,Filtering!C1257)=$M$2,Filtering!D1257,"N/A") -> N/A

Sheet Filtering
A1: Company | B1: CPU_Combined | C1: GPU_Combined | D1: Price_euros | F1: Flag
A2: Acer | B2: AMD A10-Series 9620P | C2: AMD Radeon RX 540 | D2: 579 | F2: {=IF(brand=A2:A1257,1,0)} -> 0
A3: Acer | B3: AMD A12-Series 9720P | C3: AMD Radeon RX 540 | D3: 659 | F3: 0
A4: Acer | B4: AMD A8-Series 7410 | C4: AMD Radeon R5 | D4: 387 | F4: 0
A5: Acer | B5: AMD A8-Series 7410 | C5: AMD Radeon R5 | D5: 449 | F5: 0
A6: Acer | B6: AMD A8-Series 7410 | C6: AMD Radeon R5 | D6: 469 | F6: 0
A7: Acer | B7: AMD A9-Series 9420 | C7: AMD Radeon R5 | D7: 395 | F7: 0
A8: Acer | B8: AMD A9-Series 9420 | C8: AMD Radeon R5 | D8: 400 | F8: 0
A9: Acer | B9: AMD A9-Series 9420 | C9: AMD Radeon R5 | D9: 409 | F9: 0
A10: Acer | B10: AMD A9-Series 9420 | C10: AMD Radeon R5 | D10: 426 | F10: 0
A11: Acer | B11: AMD A9-Series 9420 | C11: AMD Radeon R5 | D11: 451 | F11: 0
A12: Acer | B12: Intel Celeron Dual Core 3205U | C12: Intel HD Graphics | D12: 174 | F12: 0
A13: Acer | B13: Intel Celeron Dual Core 3205U | C13: Intel HD Graphics | D13: 199 | F13: 0
A14: Acer | B14: Intel Celeron Dual Core 3205U | C14: Intel HD Graphics | D14: 209 | F14: 0
... A1257: Xiaomi | B1257: Intel Core i7 8550U | C1257: Intel GeForce MX150 | D1257: 1399.95 | F1257: 0
A1258: Grand Total

Sheet Median_Price_Analysis
A1: Row Labels | B1: Median Price
A2: Vero | B2: 206.85
A3: Chuwi | B3: 248.9
A4: Mediacom | B4: 265
A5: Acer | B5: 572
A6: Fujitsu | B6: 739
A7: Lenovo | B7: 899
A8: HP | B8: 979
A9: Dell | B9: 999
A10: Asus | B10: 1049.45
A11: Xiaomi | B11: 1099.45
A12: Toshiba | B12: 1211.5
A13: Apple | B13: 1339.69
... A21: Grand Total | B21: 989
